{
  "question_number": "61",
  "question_text": "Qual é a tabela a ser aplicada para o cálculo do imposto sobre a renda na Declaração de Ajuste Anual do exercício de 2024, ano-calendário de 2023?",
  "reference": "['A tabela progressiva anual para o cálculo do imposto é a seguinte:', 'Base de cálculo em R$', 'Alíquota (%)', 'Parcela a deduzir do', 'imposto em R$', 'Até 24.511,92', '0', '0,00', 'De 24.511,93 até 33.919,80', '7,5', '1.838,39', 'De 33.919,81 até 45.012,60', '15', '4.382,38', 'De 45.012,61 até 55.976,16', '22,5', '7.758,32', 'Acima de 55.976,16', '27,5', '10.557,13', '(Lei nº 11.482, de 31 de maio de 2007, art. 1º, inciso IX, e parágrafo único; e Instrução Normativa', 'RFB nº 1.500, de 29 de outubro de 2014, Anexo VII, inciso VII)']",
  "candidate": "A tabela progressiva do Imposto de Renda para a Declaração de Ajuste Anual do exercício de 2024, ano-calendário de 2023, é a seguinte: 1. Rendimentos até R$ 22.847,76 - Isento 2. De R$ 22.847,77 até R$ 33.919,80 - 7,5% (parcela a deduzir de R$ 1.713,58) 3. De R$ 33.919,81 até R$ 45.012,60 - 15% (parcela a deduzir de R$ 4.257,57) 4. De R$ 45.012,61 até R$ 55.976,16 - 22,5% (parcela a deduzir de R$ 7.633,51) 5. Acima de R$ 55.976,16 - 27,5% (parcela a deduzir de R$ 10.432,32) Além disso, para quem recebe até dois salários mínimos mensais (R$ 2.640,00), há um desconto simplificado de R$ 528,00 que pode resultar em isenção na fonte.",
  "answer_relevancy": 0.8623979528325122,
  "answer_correctness": 0.0,
  "semantic_similarity": 0.7529552387930818,
  "bleu": 0.10795638086707635,
  "rouge1_precision": 0.4589041095890411,
  "rouge1_recall": 0.5677966101694916,
  "rouge1_fmeasure": 0.5075757575757576,
  "rouge2_precision": 0.19310344827586207,
  "rouge2_recall": 0.23931623931623933,
  "rouge2_fmeasure": 0.21374045801526717,
  "rougeL_precision": 0.3287671232876712,
  "rougeL_recall": 0.4067796610169492,
  "rougeL_fmeasure": 0.36363636363636365
}